{"player_id":10,"year_of_play":2005,"country":"Pakistan","opposition_country":"South Africa","runs_scored":1278,"balls_played":1914}
{"player_id":3,"year_of_play":2011,"country":"Sri Lanka","opposition_country":"Bangaldesh","runs_scored":1761,"balls_played":1805}
{"player_id":2,"year_of_play":2003,"country":"India","opposition_country":"Bangaldesh","runs_scored":1670,"balls_played":1436}
{"player_id":3,"year_of_play":2008,"country":"India","opposition_country":"Bangaldesh","runs_scored":1095,"balls_played":1238}
{"player_id":10,"year_of_play":2010,"country":"Australia","opposition_country":"South Africa","runs_scored":1916,"balls_played":1221}
{"player_id":6,"year_of_play":2006,"country":"India","opposition_country":"South Africa","runs_scored":1026,"balls_played":1884}
{"player_id":9,"year_of_play":2004,"country":"India","opposition_country":"NewZealand","runs_scored":1701,"balls_played":1314}
{"player_id":1,"year_of_play":2013,"country":"Australia","opposition_country":"West Indies","runs_scored":1615,"balls_played":1748}
{"player_id":8,"year_of_play":2014,"country":"Pakistan","opposition_country":"West Indies","runs_scored":1706,"balls_played":1566}
{"player_id":2,"year_of_play":2003,"country":"Pakistan","opposition_country":"South Africa","runs_scored":1375,"balls_played":1669}
{"player_id":3,"year_of_play":2005,"country":"Australia","opposition_country":"Bangaldesh","runs_scored":1230,"balls_played":1382}
{"player_id":9,"year_of_play":2009,"country":"Sri Lanka","opposition_country":"West Indies","runs_scored":1673,"balls_played":1491}
{"player_id":7,"year_of_play":2007,"country":"Pakistan","opposition_country":"NewZealand","runs_scored":1679,"balls_played":1539}
{"player_id":2,"year_of_play":2009,"country":"India","opposition_country":"South Africa","runs_scored":1547,"balls_played":1990}
{"player_id":5,"year_of_play":2014,"country":"Australia","opposition_country":"South Africa","runs_scored":1203,"balls_played":1910}
{"player_id":3,"year_of_play":2010,"country":"India","opposition_country":"NewZealand","runs_scored":1500,"balls_played":1263}
{"player_id":1,"year_of_play":2006,"country":"India","opposition_country":"West Indies","runs_scored":1701,"balls_played":1721}
{"player_id":10,"year_of_play":2008,"country":"Pakistan","opposition_country":"Bangaldesh","runs_scored":1437,"balls_played":1853}
{"player_id":2,"year_of_play":2002,"country":"Sri Lanka","opposition_country":"West Indies","runs_scored":1512,"balls_played":1541}
{"player_id":1,"year_of_play":2006,"country":"India","opposition_country":"South Africa","runs_scored":1257,"balls_played":1509}
{"player_id":3,"year_of_play":2014,"country":"India","opposition_country":"South Africa","runs_scored":1184,"balls_played":1406}
{"player_id":6,"year_of_play":2001,"country":"India","opposition_country":"West Indies","runs_scored":1303,"balls_played":1659}
{"player_id":2,"year_of_play":2013,"country":"Sri Lanka","opposition_country":"Bangaldesh","runs_scored":1951,"balls_played":1437}
{"player_id":3,"year_of_play":2010,"country":"Sri Lanka","opposition_country":"West Indies","runs_scored":1718,"balls_played":1330}
{"player_id":8,"year_of_play":2013,"country":"Australia","opposition_country":"Bangaldesh","runs_scored":1515,"balls_played":1912}
{"player_id":2,"year_of_play":2011,"country":"Pakistan","opposition_country":"NewZealand","runs_scored":1185,"balls_played":1104}
{"player_id":6,"year_of_play":2005,"country":"India","opposition_country":"Bangaldesh","runs_scored":1350,"balls_played":1209}
{"player_id":6,"year_of_play":2014,"country":"India","opposition_country":"Bangaldesh","runs_scored":1331,"balls_played":1100}
{"player_id":6,"year_of_play":2010,"country":"Pakistan","opposition_country":"NewZealand","runs_scored":1224,"balls_played":1350}
{"player_id":5,"year_of_play":2004,"country":"Sri Lanka","opposition_country":"South Africa","runs_scored":1682,"balls_played":1306}
{"player_id":7,"year_of_play":2004,"country":"Australia","opposition_country":"NewZealand","runs_scored":1679,"balls_played":1044}
{"player_id":2,"year_of_play":2004,"country":"Sri Lanka","opposition_country":"South Africa","runs_scored":1968,"balls_played":1293}
{"player_id":6,"year_of_play":2001,"country":"Pakistan","opposition_country":"West Indies","runs_scored":1505,"balls_played":1544}
{"player_id":9,"year_of_play":2006,"country":"India","opposition_country":"NewZealand","runs_scored":1370,"balls_played":1483}
{"player_id":8,"year_of_play":2013,"country":"Pakistan","opposition_country":"South Africa","runs_scored":1385,"balls_played":1357}
{"player_id":10,"year_of_play":2005,"country":"Australia","opposition_country":"West Indies","runs_scored":1945,"balls_played":1490}
{"player_id":10,"year_of_play":2002,"country":"Pakistan","opposition_country":"Bangaldesh","runs_scored":1275,"balls_played":1232}
{"player_id":4,"year_of_play":2013,"country":"Sri Lanka","opposition_country":"South Africa","runs_scored":1361,"balls_played":1172}
{"player_id":8,"year_of_play":2001,"country":"Pakistan","opposition_country":"West Indies","runs_scored":1954,"balls_played":1544}
{"player_id":10,"year_of_play":2014,"country":"India","opposition_country":"Bangaldesh","runs_scored":1851,"balls_played":1080}
{"player_id":6,"year_of_play":2007,"country":"Australia","opposition_country":"West Indies","runs_scored":1500,"balls_played":1467}
{"player_id":6,"year_of_play":2002,"country":"Australia","opposition_country":"South Africa","runs_scored":1131,"balls_played":1270}
{"player_id":3,"year_of_play":2012,"country":"India","opposition_country":"Bangaldesh","runs_scored":1145,"balls_played":1415}
{"player_id":6,"year_of_play":2009,"country":"India","opposition_country":"NewZealand","runs_scored":1662,"balls_played":1248}
{"player_id":5,"year_of_play":2000,"country":"India","opposition_country":"South Africa","runs_scored":1170,"balls_played":1605}
{"player_id":5,"year_of_play":2011,"country":"Sri Lanka","opposition_country":"NewZealand","runs_scored":1358,"balls_played":1491}
{"player_id":5,"year_of_play":2014,"country":"Pakistan","opposition_country":"NewZealand","runs_scored":1080,"balls_played":1813}
{"player_id":3,"year_of_play":2001,"country":"India","opposition_country":"NewZealand","runs_scored":1751,"balls_played":1169}
{"player_id":10,"year_of_play":2003,"country":"Australia","opposition_country":"NewZealand","runs_scored":1486,"balls_played":1963}
{"player_id":1,"year_of_play":2009,"country":"India","opposition_country":"South Africa","runs_scored":1199,"balls_played":1483}
{"player_id":1,"year_of_play":2013,"country":"India","opposition_country":"NewZealand","runs_scored":1356,"balls_played":1313}
{"player_id":4,"year_of_play":2006,"country":"Australia","opposition_country":"NewZealand","runs_scored":1285,"balls_played":1247}
{"player_id":9,"year_of_play":2006,"country":"Pakistan","opposition_country":"West Indies","runs_scored":1836,"balls_played":1653}
{"player_id":5,"year_of_play":2010,"country":"Sri Lanka","opposition_country":"Bangaldesh","runs_scored":1025,"balls_played":1423}
{"player_id":8,"year_of_play":2010,"country":"Pakistan","opposition_country":"Bangaldesh","runs_scored":1157,"balls_played":1621}
{"player_id":10,"year_of_play":2002,"country":"India","opposition_country":"Bangaldesh","runs_scored":1754,"balls_played":1907}
{"player_id":2,"year_of_play":2013,"country":"Sri Lanka","opposition_country":"South Africa","runs_scored":1544,"balls_played":1176}
{"player_id":7,"year_of_play":2013,"country":"Sri Lanka","opposition_country":"Bangaldesh","runs_scored":1454,"balls_played":1020}
{"player_id":3,"year_of_play":2002,"country":"India","opposition_country":"NewZealand","runs_scored":1631,"balls_played":1405}
{"player_id":7,"year_of_play":2008,"country":"Sri Lanka","opposition_country":"South Africa","runs_scored":1845,"balls_played":1399}
{"player_id":10,"year_of_play":2009,"country":"Sri Lanka","opposition_country":"NewZealand","runs_scored":1859,"balls_played":1138}
{"player_id":7,"year_of_play":2013,"country":"India","opposition_country":"West Indies","runs_scored":1959,"balls_played":1002}
{"player_id":6,"year_of_play":2012,"country":"Sri Lanka","opposition_country":"West Indies","runs_scored":1245,"balls_played":1490}
{"player_id":4,"year_of_play":2000,"country":"Pakistan","opposition_country":"NewZealand","runs_scored":1456,"balls_played":1698}
{"player_id":7,"year_of_play":2007,"country":"India","opposition_country":"South Africa","runs_scored":1842,"balls_played":1583}
{"player_id":5,"year_of_play":2006,"country":"India","opposition_country":"NewZealand","runs_scored":1149,"balls_played":1863}
{"player_id":3,"year_of_play":2000,"country":"Australia","opposition_country":"West Indies","runs_scored":1565,"balls_played":1060}
{"player_id":10,"year_of_play":2004,"country":"India","opposition_country":"Bangaldesh","runs_scored":1629,"balls_played":1979}
{"player_id":9,"year_of_play":2014,"country":"India","opposition_country":"West Indies","runs_scored":1920,"balls_played":1357}
{"player_id":8,"year_of_play":2011,"country":"Australia","opposition_country":"West Indies","runs_scored":1059,"balls_played":1296}
{"player_id":1,"year_of_play":2009,"country":"Pakistan","opposition_country":"NewZealand","runs_scored":1712,"balls_played":1647}
{"player_id":3,"year_of_play":2002,"country":"Pakistan","opposition_country":"Bangaldesh","runs_scored":1156,"balls_played":1840}
{"player_id":3,"year_of_play":2010,"country":"Sri Lanka","opposition_country":"Bangaldesh","runs_scored":1007,"balls_played":1134}
{"player_id":9,"year_of_play":2001,"country":"Sri Lanka","opposition_country":"NewZealand","runs_scored":1091,"balls_played":1424}
{"player_id":8,"year_of_play":2003,"country":"Sri Lanka","opposition_country":"Bangaldesh","runs_scored":1389,"balls_played":1789}
{"player_id":7,"year_of_play":2005,"country":"Australia","opposition_country":"NewZealand","runs_scored":1793,"balls_played":1378}
{"player_id":7,"year_of_play":2007,"country":"Pakistan","opposition_country":"NewZealand","runs_scored":1415,"balls_played":1997}
{"player_id":9,"year_of_play":2003,"country":"Pakistan","opposition_country":"NewZealand","runs_scored":1734,"balls_played":1581}
{"player_id":6,"year_of_play":2003,"country":"Australia","opposition_country":"Bangaldesh","runs_scored":1188,"balls_played":1613}
{"player_id":4,"year_of_play":2011,"country":"Australia","opposition_country":"NewZealand","runs_scored":1051,"balls_played":1650}
{"player_id":1,"year_of_play":2012,"country":"Australia","opposition_country":"South Africa","runs_scored":1577,"balls_played":1369}
{"player_id":9,"year_of_play":2012,"country":"Australia","opposition_country":"NewZealand","runs_scored":1956,"balls_played":1377}
{"player_id":3,"year_of_play":2014,"country":"Sri Lanka","opposition_country":"West Indies","runs_scored":1529,"balls_played":1820}
{"player_id":2,"year_of_play":2013,"country":"Pakistan","opposition_country":"Bangaldesh","runs_scored":1600,"balls_played":1867}
{"player_id":2,"year_of_play":2014,"country":"Pakistan","opposition_country":"South Africa","runs_scored":1492,"balls_played":1706}
{"player_id":10,"year_of_play":2011,"country":"India","opposition_country":"West Indies","runs_scored":1303,"balls_played":1086}
{"player_id":5,"year_of_play":2001,"country":"Sri Lanka","opposition_country":"West Indies","runs_scored":1681,"balls_played":1714}
{"player_id":5,"year_of_play":2003,"country":"Pakistan","opposition_country":"West Indies","runs_scored":1741,"balls_played":1941}
{"player_id":4,"year_of_play":2010,"country":"Australia","opposition_country":"South Africa","runs_scored":1479,"balls_played":1326}
{"player_id":4,"year_of_play":2005,"country":"Australia","opposition_country":"NewZealand","runs_scored":1784,"balls_played":1837}
{"player_id":8,"year_of_play":2008,"country":"India","opposition_country":"West Indies","runs_scored":1229,"balls_played":1384}
{"player_id":10,"year_of_play":2007,"country":"India","opposition_country":"Bangaldesh","runs_scored":1196,"balls_played":1140}
{"player_id":2,"year_of_play":2009,"country":"Pakistan","opposition_country":"West Indies","runs_scored":1025,"balls_played":1886}
{"player_id":3,"year_of_play":2000,"country":"Australia","opposition_country":"South Africa","runs_scored":1218,"balls_played":1107}
{"player_id":9,"year_of_play":2009,"country":"Australia","opposition_country":"South Africa","runs_scored":1760,"balls_played":1274}
{"player_id":9,"year_of_play":2006,"country":"India","opposition_country":"South Africa","runs_scored":1310,"balls_played":1664}
{"player_id":2,"year_of_play":2013,"country":"Sri Lanka","opposition_country":"Bangaldesh","runs_scored":1546,"balls_played":1711}
{"player_id":10,"year_of_play":2008,"country":"India","opposition_country":"Bangaldesh","runs_scored":1344,"balls_played":1075}
{"player_id":2,"year_of_play":2004,"country":"Sri Lanka","opposition_country":"South Africa","runs_scored":1748,"balls_played":1563}
{"player_id":1,"year_of_play":2005,"country":"Pakistan","opposition_country":"West Indies","runs_scored":1309,"balls_played":1617}